{
    "inputWeights": [
        [
            0.9527778221051637,
            0.8940616614173653,
            -0.46005554453110964,
            0.9427819163841054,
            0.794196803369629,
            0.9244237399536452
        ],
        [
            -0.21796611966557844,
            -0.01169820121473042,
            -0.4265928089084976,
            -0.8179471000622016,
            0.21391704928286415,
            -0.3113213016129148
        ]
    ],
    "hiddenWeights": [
        0.6719947560702433,
        -0.6515080716203803,
        0.13780848657728595,
        -0.1474927983646288,
        -0.9004050428583315,
        0.9695135101052954
    ],
    "hiddenBiases": [
        0,
        0,
        0,
        0,
        0,
        0
    ],
    "outputBias": 0,
    "origin": "fit",
    "age": 292370
}