{
    "inputWeights": [
        [
            0.8924590990929739,
            -0.04346059039729799,
            0.8121255282209178,
            -0.7399430083332427,
            0.116340563277465,
            -0.2616027525019986
        ],
        [
            -0.2943848814123864,
            -0.4794330064311457,
            0.677511350426408,
            0.8518069033696417,
            -0.2456704521206875,
            0.9729510024037792
        ]
    ],
    "hiddenWeights": [
        -0.22661082543436684,
        0.10813129022851975,
        -0.19380563510580529,
        -0.16256242485954575,
        0.9046596687951917,
        -0.12444177296755587
    ],
    "hiddenBiases": [
        -0.172717905530825,
        0,
        0.25271147761185686,
        -0.0226336527387051,
        0,
        0.08892455385372655
    ],
    "outputBias": 0,
    "origin": "crossover",
    "age": 57341
}